ID;abies_balsa;acer_nigru;acer_pensy;acer_rubru;acer_sacch;acer_spica;actae_pachy;actae_rubra;adian_pedat;agera_altis;agrim_grypo;agrim_stria;agros_gigan;agros_scabr;alism_trivi;alnus_rugos;amela_sp;amphi_bract;anaph_margar;arali_nudic;arali_racem;arcti_minus;arethu_bulbo;arisa_triph;aroni_melan;ascle_incar;ascle_syria;athyr_filix;barba_vulga;betul_alleg;betul_papyr;betul_popul;biden_cernu;biden_frond;biden_tripa;boehm_cylin;brach_erect;brase_schre;bromu_cilia;calam_canad;calla_palus;calli_palus;calop_tuber;carda_diphy;carda_pensy;carex_arcta;carex_bland;carex_bromo;carex_brunn;carex_canes;carex_comos;carex_crawf;carex_crini;carex_dewey;carex_diand;carex_dispe;carex_echin;carex_flava;carex_folli;carex_graci;carex_hyste;carex_inter;carex_intum;carex_lacus;carex_lasio;carex_lepta;carex_lupul;carex_lurid;carex_pedun;carex_plant;carex_prasi;carex_proje;carex_pseud;carex_retro;carex_rostr;carex_scabr;carex_scopa;carex_stipa;carex_stric;carex_tribu;carex_trisp;carex_tucke;carex_vesic;caulo_thali;cephas_occid;chama_calyc;chelo_glabr;chrys_ameri;cinna_latif;circa_alpin;circae_canad;cirsi_mutic;cirsi_vulga;cladi_maris;clema_virgi;clint_borea;comar_palus;copti_trifo;cornu_alter;cornu_canad;cornu_seric;coryl_cornu;cysto_bulbi;decod_verti;dendr_obscu;depar_acros;doell_umbel;drose_inter;drose_rotun;dryop_carth;dryops_clint;dryop_crist;dryop_goldi;dryop_inter;dryop_margi;dulic_arund;eleoc_acicu;eleoc_ellip;eleoc_obtus;eleoc_palus;eleoc_robbi;elymu_virgi;epilo_cilia;epilo_color;epilo_lepto;epilo_palus;epipa_helleb;equis_arven;equis_fluvi;equis_hyema;equis_scirp;equis_sylva;erige_phila;erioc_aquat;eriop_graci;eriop_tenel;eriop_vagin;eriop_virgi;eryth_ameri;eupat_perfo;euryb_macro;eutha_grami;eutro_macul;fagus_grand;fallo_cilin;fraga_virgi;fraxi_ameri;fraxi_nigra;galeo_bifid;galiu_aspre;galiu_palus;galiu_trifi;galiu_trifl;gault_hispi;gaylu_bacca;geran_robert;geum_canad;geum_lacin;geum_macro;glyce_canad;glyce_grand;glyce_melic;glyce_stria;gymno_dryop;hepat_acuti;huper_lucid;hydro_morsu;hydro_ameri;hyper_ellip;hyper_frase;ilex_mucro;ilex_verti;impat_capen;iris_versi;juncu_brach;juncu_brevi;juncs_canad;juncs_effus;juncu_peloc;kalmi_angus;kalmi_polif;lactu_bienn;lapor_canad;larix_laric;leers_oryzo;lemna_minor;linna_borea;lipar_loese;lonic_canad;ludwi_palus;lycop_clava;lycop_ameri;lycop_unifl;lysim_borea;lysim_terre;lysim_thyrs;maian_canad;maian_racem;malax_unifo;malus_pumil;matte_strut;medeo_virgi;menth_canad;menya_trifo;miliu_effus;mimul_ringe;mitch_repen;mitel_diphy;mitel_nuda;monot_unifl;muhle_mexic;myoso_scorp;myoso_sylva;myric_gale;nabal_altis;nupha_varie;nymph_odora;oclem_acumi;oclem_nemor;onocl_sensi;osmor_clayt;osmun_regal;osmun_cinna;ostry_virgi;oxali_monta;oxals_strict;parth_vitac;persi_amphi;persi_hydro;persi_sagit;phala_arund;phego_conne;picea_glauc;pilea_pumil;pilos_auran;pinus_strob;plant_major;platant_clave;poa_alsod;poa_palus;poa_prate;pogon_ophio;polyg_pubes;polys_acros;ponte_corda;popul_tremu;potam_natan;poten_norve;prune_vulga;prunu_virgi;pteri_aquil;pyrol_ellip;querc_rubra;ranun_abort;ranun_acris;ranun_recur;rhamn_alnif;rhodo_groen;rhync_alba;ribes_cynos;ribes_gland;ribes_lacus;ribes_trist;rosa_acicu;rosa_palus;rubus_alleg;rubus_idaeu;rubus_odora;rubus_pubes;rubus_repen;rumex_brita;sagit_cunea;sagit_latif;salix_bebbi;salix_disco;salix_lucid;salix_pedic;salix_pelli;salix_petio;sambu_canad;sanic_trifo;sarra_purpu;scirpu_atroc;scirpu_atrov;scirpu_cyper;scirpu_micro;scirpu_pedic;scute_galer;scute_later;sium_suave;solan_dulca;solid_canad;solid_flexi;solid_rugos;sparg_ameri;sparg_natan;spira_latif;spirae_tomen;spiro_polyr;stell_borea;strep_lance;symph_cordi;symph_lance;symph_punic;tarax_offic;thali_pubes;thely_noveb;thely_palus;thuja_occid;tiare_cordi;tilia_ameri;toxic_radic;trill_erect;trill_grand;tsuga_canad;tussi_farfa;typha_latif;ulmus_ameri;urtic_dioic;utric_cornu;utric_inter;utric_vulga;uvula_grand;uvula_sessi;vacci_angus;vacci_corym;vacci_macro;vacci_myrti;vacci_oxyco;veron_ameri;veron_scute;vibur_cassi;vibur_lanta;viola_canad;viola_sp
2;0.003236246;0;0.006472492;0.006472492;0.025889968;0.025889968;0;0;0;0.009708738;0;0;0.003236246;0;0;0.006472492;0;0;0;0.009708738;0;0;0;0.022653722;0;0;0;0.022653722;0;0.012944984;0;0;0;0;0.006472492;0;0;0;0;0;0.006472492;0;0;0.003236246;0.006472492;0;0.003236246;0;0.003236246;0.003236246;0;0;0.006472492;0;0;0.006472492;0.003236246;0;0;0.003236246;0;0;0.006472492;0;0;0.003236246;0.003236246;0.003236246;0;0;0;0.003236246;0;0;0;0;0;0.006472492;0;0;0;0;0;0;0;0.006472492;0.003236246;0.006472492;0.006472492;0.006472492;0;0;0;0;0;0.006472492;0;0.003236246;0.003236246;0.009708738;0.003236246;0;0;0;0;0;0;0;0;0.012944984;0;0;0;0;0.003236246;0;0.003236246;0;0;0;0;0;0.003236246;0.012944984;0;0;0.003236246;0;0;0;0;0;0.009708738;0;0;0;0.074433657;0;0;0;0;0;0;0.003236246;0;0.003236246;0;0.051779935;0;0;0.006472492;0;0.019417476;0;0;0;0;0;0;0;0;0.003236246;0.009708738;0.029126214;0;0.009708738;0;0;0.006472492;0.006472492;0.038834951;0;0.003236246;0.003236246;0;0;0;0;0;0;0;0;0;0;0;0;0;0;0.006472492;0;0;0;0.006472492;0.012944984;0.003236246;0.003236246;0.012944984;0;0;0;0.006472492;0;0;0;0;0;0;0.01618123;0;0;0;0;0;0.006472492;0.003236246;0;0;0.003236246;0;0.03236246;0;0;0.003236246;0.003236246;0.029126214;0;0.006472492;0;0;0;0;0.029126214;0;0.006472492;0;0;0;0;0;0;0;0;0;0;0;0;0;0;0;0;0;0.003236246;0;0.009708738;0;0.003236246;0;0;0;0;0.003236246;0;0.003236246;0;0;0;0;0;0.064724919;0;0.006472492;0;0;0;0;0;0;0;0;0.003236246;0;0;0;0;0;0;0;0.003236246;0.003236246;0.003236246;0;0;0;0;0;0;0;0;0;0;0.003236246;0.003236246;0;0;0;0.006472492;0;0;0.006472492;0.048543689;0.006472492;0;0;0;0.003236246;0.003236246;0;0.006472492;0;0;0;0;0;0;0;0;0;0;0;0;0.003236246;0.006472492;0;0;0
3;0;0;0;0.022988506;0;0;0;0;0;0;0;0;0;0.003831418;0;0.007662835;0;0;0;0;0;0;0;0;0;0;0;0;0;0.007662835;0;0.003831418;0;0;0.003831418;0;0;0.007662835;0;0;0.011494253;0;0;0;0;0;0;0;0;0.026819923;0.003831418;0;0.011494253;0;0;0;0.01532567;0;0;0;0.003831418;0;0.003831418;0;0.003831418;0;0;0;0;0;0;0;0.003831418;0;0;0;0.007662835;0;0;0.003831418;0;0;0;0;0;0.061302682;0;0;0;0;0;0;0.007662835;0;0;0;0;0;0;0;0;0;0;0;0;0;0;0;0.049808429;0;0;0;0.003831418;0.003831418;0;0.072796935;0.007662835;0;0;0;0;0;0;0.003831418;0.003831418;0;0;0;0;0;0.003831418;0;0;0;0;0;0;0;0;0;0;0;0;0;0;0.003831418;0;0;0;0;0.003831418;0.045977011;0;0;0;0;0;0;0;0;0;0;0;0;0;0;0;0;0.003831418;0.034482759;0.011494253;0;0.007662835;0.003831418;0.003831418;0.003831418;0;0.01532567;0;0.019157088;0.011494253;0;0;0.026819923;0;0;0;0;0;0;0;0;0.057471264;0.007662835;0.045977011;0.026819923;0;0;0;0;0;0;0;0;0;0;0;0;0;0;0;0;0;0.01532567;0;0;0.022988506;0.003831418;0.003831418;0.003831418;0;0;0.026819923;0;0;0;0;0;0;0;0;0;0;0;0.003831418;0;0;0.003831418;0;0;0;0.003831418;0;0;0.026819923;0;0;0.003831418;0;0;0;0;0;0;0;0;0;0.01532567;0.007662835;0;0;0;0;0;0.003831418;0;0;0;0.003831418;0;0.007662835;0.019157088;0.003831418;0;0;0;0;0;0;0;0;0;0;0;0;0;0.003831418;0.030651341;0;0.011494253;0;0;0;0;0.022988506;0;0;0;0;0;0;0;0;0;0;0;0;0.019157088;0.003831418;0;0;0;0;0;0;0;0;0;0;0;0.003831418;0.007662835;0;0;0;0;0;0;0;0;0;0;0.003831418;0.007662835;0
5;0.038022814;0;0.011406844;0;0.015209125;0;0;0;0;0;0.003802281;0;0.003802281;0;0;0.007604563;0;0;0;0.007604563;0;0;0;0.030418251;0;0;0;0.019011407;0;0.030418251;0;0;0;0;0;0;0;0;0;0;0;0;0;0;0.007604563;0;0;0.003802281;0;0.003802281;0;0;0.015209125;0;0;0;0;0;0;0.019011407;0;0;0.003802281;0;0;0.007604563;0;0;0;0;0;0.003802281;0;0;0;0.022813688;0;0.011406844;0;0.007604563;0;0;0;0.003802281;0;0;0.003802281;0.02661597;0.003802281;0.007604563;0.003802281;0;0;0;0;0;0;0;0.003802281;0;0;0;0;0;0;0;0;0;0;0.003802281;0;0;0;0;0;0;0;0;0;0;0;0;0;0.011406844;0;0;0;0;0;0;0;0;0.003802281;0;0;0.003802281;0.049429658;0;0.003802281;0;0.003802281;0;0;0.007604563;0;0;0;0.030418251;0;0.003802281;0.049429658;0.030418251;0;0;0;0;0;0;0;0;0;0.045627376;0;0;0;0;0;0.019011407;0;0.003802281;0.053231939;0;0.003802281;0;0;0;0;0;0;0;0;0.003802281;0;0;0;0;0;0;0.003802281;0;0;0.003802281;0.007604563;0.007604563;0.003802281;0.003802281;0;0;0;0;0;0;0.003802281;0;0;0;0;0;0;0;0;0;0;0.003802281;0.003802281;0;0;0.007604563;0;0.030418251;0;0.003802281;0.011406844;0;0;0;0;0;0;0;0;0.011406844;0;0;0;0;0;0;0.003802281;0.015209125;0;0;0;0.003802281;0;0;0;0;0.007604563;0;0.007604563;0.003802281;0;0;0;0.019011407;0;0;0;0;0;0;0;0;0;0;0.007604563;0;0.019011407;0;0.007604563;0;0;0;0;0;0;0;0;0;0;0;0;0;0;0;0;0.007604563;0.034220532;0;0;0;0;0.015209125;0;0;0;0;0;0;0;0;0;0.011406844;0.003802281;0.011406844;0;0;0.007604563;0.019011407;0;0;0.003802281;0;0.003802281;0;0;0.007604563;0;0;0;0;0;0;0;0;0;0;0;0;0;0.007604563;0.003802281;0.003802281;0
6;0;0;0;0.009411765;0;0;0;0;0;0;0;0;0.004705882;0;0;0.049411765;0;0;0;0;0;0;0;0;0.004705882;0.002352941;0;0;0;0;0;0;0;0.002352941;0.004705882;0;0;0;0;0.002352941;0.04;0;0;0;0;0;0;0.016470588;0.002352941;0.016470588;0;0;0.009411765;0;0;0.018823529;0.030588235;0;0;0;0;0;0.002352941;0;0.002352941;0.011764706;0;0.002352941;0;0;0;0;0.011764706;0;0;0;0;0;0;0;0.016470588;0;0;0;0;0.061176471;0;0;0;0;0;0;0;0;0;0;0.025882353;0.002352941;0;0;0.007058824;0;0;0;0;0;0;0;0.025882353;0.002352941;0;0;0;0;0;0.007058824;0.002352941;0.002352941;0;0;0;0;0;0;0.004705882;0;0;0;0;0;0.002352941;0;0;0;0;0;0;0;0;0;0;0;0;0;0;0;0;0.004705882;0;0;0.007058824;0.021176471;0;0.002352941;0;0;0;0;0;0;0;0;0.011764706;0;0;0;0.004705882;0;0.002352941;0.042352941;0;0;0.032941176;0.004705882;0;0;0;0;0.004705882;0;0;0;0;0;0.014117647;0.004705882;0.002352941;0;0;0;0;0;0.049411765;0.011764706;0.016470588;0.025882353;0.007058824;0;0;0;0;0;0;0;0;0;0;0;0;0;0;0;0;0.058823529;0;0;0.004705882;0;0;0.016470588;0;0.025882353;0.004705882;0;0;0;0;0;0;0;0;0;0.002352941;0;0;0;0;0.002352941;0;0;0;0.007058824;0;0;0.002352941;0;0.004705882;0;0;0;0;0;0;0;0;0;0;0;0.002352941;0;0;0;0;0.002352941;0;0;0;0;0.030588235;0;0.002352941;0;0.002352941;0;0;0;0;0;0;0;0;0.004705882;0;0;0;0;0;0.002352941;0;0.004705882;0;0;0;0;0.004705882;0;0.007058824;0.009411765;0;0;0;0;0;0;0;0.002352941;0;0.028235294;0.04;0;0;0;0;0;0.002352941;0;0;0;0;0;0.002352941;0;0;0;0.009411765;0;0;0.002352941;0;0;0.011764706;0;0;0.023529412;0
8;0;0;0;0.006849315;0;0;0;0;0;0;0;0;0.003424658;0;0;0.020547945;0;0;0;0;0;0;0.003424658;0;0.003424658;0;0;0;0;0.003424658;0;0;0;0;0;0;0;0.003424658;0;0;0.01369863;0;0;0;0;0;0;0;0;0.003424658;0;0;0.003424658;0;0;0.003424658;0.010273973;0;0;0;0;0;0;0;0.075342466;0;0;0;0;0;0;0;0.003424658;0;0.003424658;0;0;0;0.003424658;0;0;0;0;0;0;0.099315068;0;0;0;0;0;0;0;0;0;0;0.047945205;0;0;0;0;0;0;0;0;0;0;0.006849315;0.078767123;0;0;0;0;0;0;0.01369863;0;0;0;0;0.003424658;0;0;0;0;0;0;0;0;0;0.003424658;0;0;0;0;0;0;0;0;0;0;0;0;0;0;0;0;0;0;0;0;0.003424658;0;0;0;0;0;0;0;0.003424658;0;0;0;0;0;0;0.003424658;0;0.003424658;0.078767123;0;0.003424658;0.020547945;0.006849315;0;0.003424658;0.003424658;0;0;0.003424658;0;0;0;0.006849315;0;0;0;0;0;0;0.003424658;0;0.037671233;0;0.006849315;0.017123288;0;0;0;0;0;0;0;0;0;0;0;0;0;0;0;0;0;0.092465753;0;0.003424658;0.017123288;0;0.010273973;0;0;0.006849315;0;0;0;0;0;0;0;0;0;0;0;0;0;0;0;0;0;0;0;0.034246575;0;0;0.003424658;0;0;0;0;0;0;0;0;0;0;0;0;0;0.010273973;0;0;0;0;0.006849315;0;0;0.003424658;0;0.006849315;0;0;0.003424658;0.003424658;0;0.006849315;0.003424658;0;0;0;0;0;0.017123288;0;0;0;0;0;0.003424658;0;0.003424658;0;0;0;0;0.003424658;0;0.006849315;0.003424658;0;0;0;0;0;0;0;0;0;0.034246575;0.034246575;0;0;0;0;0;0;0;0.023972603;0;0;0;0.01369863;0;0;0;0.003424658;0;0.006849315;0.006849315;0;0;0;0;0.003424658;0;0
10;0;0;0;0.00477327;0;0;0;0;0;0;0;0;0.009546539;0;0;0.026252983;0;0;0;0;0;0;0;0;0;0.007159905;0;0;0;0;0;0;0;0;0.00477327;0;0;0.002386635;0;0;0.028639618;0;0;0;0;0;0;0;0.002386635;0.019093079;0.00477327;0;0.007159905;0;0;0.002386635;0.038186158;0;0;0;0;0;0.00477327;0;0.002386635;0.023866348;0;0.002386635;0;0;0;0;0.007159905;0;0;0;0;0.00477327;0;0;0;0;0.002386635;0;0;0.059665871;0.002386635;0;0;0;0;0;0;0;0;0;0.040572792;0;0;0;0.002386635;0;0;0;0;0;0;0;0.016706444;0;0;0;0;0.002386635;0;0.040572792;0;0;0;0;0;0;0;0;0.002386635;0;0;0.002386635;0;0;0;0;0;0.002386635;0;0;0.002386635;0;0;0;0;0;0;0;0;0;0;0.002386635;0;0;0.016706444;0.028639618;0;0;0;0;0;0;0;0;0;0;0;0;0;0;0.00477327;0;0.007159905;0.057279236;0;0;0.023866348;0.002386635;0;0;0.00477327;0.007159905;0;0;0;0;0;0;0.007159905;0;0;0.002386635;0;0;0;0;0.042959427;0.002386635;0.033412888;0.014319809;0.002386635;0;0;0;0;0;0;0;0;0;0;0;0;0;0;0;0;0.059665871;0;0;0.00477327;0;0.00477327;0.016706444;0;0.009546539;0.00477327;0;0;0;0.002386635;0;0;0;0;0;0.00477327;0;0;0;0;0;0;0;0;0.00477327;0;0;0.00477327;0;0.00477327;0;0;0;0;0;0;0;0;0;0;0;0;0;0;0;0;0.002386635;0.011933174;0.00477327;0;0;0.028639618;0;0.002386635;0.007159905;0.007159905;0;0.002386635;0;0;0;0;0;0;0.002386635;0;0;0;0;0.002386635;0.00477327;0;0.011933174;0.002386635;0;0;0;0.007159905;0;0.011933174;0.007159905;0;0;0;0;0.002386635;0;0;0.00477327;0;0.026252983;0.047732697;0;0;0;0;0;0;0;0.00477327;0.00477327;0;0;0;0;0;0;0;0;0.002386635;0;0;0;0.014319809;0;0.002386635;0.011933174;0
12;0;0.003246753;0;0.00974026;0;0;0;0;0;0;0;0;0.003246753;0;0;0.077922078;0;0;0;0;0;0;0;0;0;0.003246753;0;0;0;0.006493506;0;0;0;0;0;0.003246753;0;0.006493506;0;0.006493506;0.016233766;0;0;0;0;0;0;0;0;0.00974026;0;0.006493506;0.006493506;0;0;0;0.003246753;0;0;0;0.003246753;0.003246753;0;0.025974026;0;0;0;0.006493506;0;0;0;0.003246753;0.003246753;0;0.003246753;0.003246753;0;0.016233766;0.019480519;0.006493506;0;0;0.006493506;0;0;0.003246753;0.003246753;0;0;0;0;0;0;0;0.012987013;0;0;0;0;0;0;0;0;0;0;0;0.003246753;0;0;0.006493506;0;0;0;0.003246753;0;0.006493506;0;0;0;0.003246753;0;0;0;0;0.003246753;0;0;0;0;0;0;0;0;0;0;0;0.006493506;0;0;0.00974026;0;0;0.003246753;0;0;0.003246753;0;0.006493506;0;0.019480519;0.00974026;0.019480519;0.003246753;0;0;0;0;0;0;0.006493506;0.006493506;0;0;0;0;0;0.003246753;0.016233766;0.006493506;0.051948052;0.038961039;0;0;0.003246753;0.003246753;0;0.003246753;0.00974026;0;0;0;0;0;0.006493506;0.003246753;0;0;0;0;0;0;0.006493506;0.051948052;0;0.045454545;0.003246753;0;0;0;0;0;0;0.00974026;0;0;0.003246753;0;0;0;0;0;0;0;0.006493506;0;0.003246753;0.003246753;0;0;0.035714286;0;0;0.006493506;0;0;0;0.006493506;0;0;0.048701299;0;0;0;0.00974026;0;0;0;0;0;0.003246753;0;0;0;0;0.012987013;0;0.006493506;0;0;0;0;0;0;0;0;0;0;0;0;0;0;0;0;0;0;0;0.00974026;0;0.006493506;0;0.00974026;0.003246753;0.003246753;0;0;0;0;0;0.003246753;0.00974026;0;0;0.006493506;0.003246753;0.003246753;0.003246753;0;0.006493506;0.006493506;0.016233766;0;0.003246753;0;0.00974026;0.00974026;0;0.019480519;0.006493506;0;0;0;0;0;0.006493506;0;0.012987013;0;0;0;0;0;0;0;0;0;0;0.019480519;0.003246753;0;0;0.003246753;0;0;0;0;0;0;0;0;0;0;0;0;0.003246753;0
13;0.01510574;0;0.003021148;0;0.018126888;0.009063444;0.003021148;0;0;0.003021148;0.003021148;0;0.003021148;0;0;0;0;0;0;0.006042296;0;0;0;0.01510574;0;0.003021148;0;0.021148036;0;0.027190332;0;0;0;0.003021148;0;0.003021148;0;0;0;0;0.006042296;0;0;0;0.003021148;0;0.012084592;0.009063444;0.006042296;0.003021148;0;0;0.003021148;0.006042296;0;0.003021148;0;0;0;0.012084592;0;0;0;0;0;0.003021148;0;0.003021148;0;0;0;0.003021148;0;0.003021148;0;0;0;0.009063444;0;0;0.003021148;0;0;0;0;0;0;0.012084592;0.003021148;0.009063444;0;0;0;0;0;0.003021148;0;0;0;0;0;0.003021148;0;0.003021148;0;0;0;0;0;0.012084592;0;0;0.009063444;0;0;0;0;0;0;0;0;0;0.003021148;0.036253776;0;0;0.006042296;0;0;0;0;0;0.012084592;0;0;0;0.072507553;0;0;0;0.003021148;0;0;0;0;0.006042296;0;0.036253776;0;0;0.009063444;0.003021148;0.024169184;0;0;0;0.003021148;0.012084592;0;0;0;0;0.003021148;0.003021148;0;0;0;0.003021148;0;0.009063444;0.063444109;0;0.006042296;0;0;0;0;0;0;0;0;0;0.006042296;0;0;0;0;0;0.006042296;0;0;0;0.012084592;0.006042296;0.006042296;0;0.006042296;0;0;0;0.003021148;0;0;0;0;0;0;0.01510574;0;0;0;0.003021148;0;0;0.003021148;0;0;0.003021148;0;0.036253776;0;0;0.003021148;0.003021148;0.003021148;0;0;0;0;0.003021148;0;0.027190332;0;0;0;0.003021148;0;0;0.003021148;0;0;0;0.003021148;0;0;0;0;0.003021148;0.003021148;0;0;0;0;0.006042296;0;0.009063444;0;0;0;0.003021148;0;0.006042296;0.006042296;0;0;0;0;0;0.060422961;0;0.003021148;0;0;0;0;0;0;0;0;0;0;0;0;0;0;0;0;0.009063444;0.009063444;0.006042296;0;0;0;0.006042296;0;0;0;0;0;0;0;0.009063444;0;0.009063444;0;0.009063444;0.003021148;0;0.012084592;0.042296073;0.006042296;0;0.003021148;0;0.018126888;0;0;0.006042296;0;0;0;0;0;0;0;0;0;0;0;0;0;0.006042296;0;0;0
15;0.002518892;0;0.01511335;0.005037783;0.020151134;0.005037783;0;0;0;0.007556675;0.002518892;0;0.007556675;0;0;0.010075567;0;0;0;0.007556675;0;0;0;0.027707809;0;0;0;0.022670025;0;0.010075567;0;0;0;0.002518892;0;0;0;0;0.002518892;0.005037783;0.005037783;0;0;0;0;0.005037783;0;0;0.005037783;0;0;0;0.005037783;0.007556675;0;0.002518892;0;0;0;0.007556675;0;0;0.005037783;0;0;0.002518892;0;0;0;0;0;0.005037783;0;0.002518892;0;0;0;0.007556675;0;0.002518892;0;0;0.002518892;0;0.002518892;0;0.002518892;0.01511335;0.002518892;0.005037783;0.005037783;0;0.002518892;0;0.002518892;0;0;0;0;0.005037783;0;0.002518892;0;0;0;0.002518892;0;0;0;0.010075567;0.002518892;0;0.005037783;0;0;0;0;0;0;0;0;0;0;0.007556675;0;0;0.007556675;0;0;0;0;0;0.04534005;0;0;0;0.050377834;0;0;0;0;0;0;0.005037783;0;0.007556675;0.002518892;0.032745592;0;0.010075567;0.007556675;0.007556675;0.01511335;0;0;0;0.002518892;0.005037783;0;0;0;0.002518892;0.017632242;0.010075567;0;0.005037783;0.002518892;0.005037783;0;0.002518892;0.027707809;0;0.005037783;0;0;0;0;0;0;0;0;0;0.005037783;0;0;0.002518892;0;0;0.005037783;0;0;0;0.020151134;0.002518892;0.002518892;0;0.010075567;0;0;0;0.002518892;0;0;0;0;0;0;0.010075567;0;0;0;0;0;0;0.017632242;0;0;0.005037783;0;0.037783375;0;0.005037783;0.010075567;0.002518892;0.022670025;0;0.002518892;0;0;0.007556675;0;0.017632242;0;0.002518892;0;0;0;0;0.005037783;0.005037783;0;0;0;0;0;0;0;0;0.01511335;0;0;0.002518892;0.005037783;0;0;0.005037783;0;0;0;0;0;0;0.002518892;0.002518892;0;0;0;0;0.050377834;0;0.005037783;0;0;0;0;0;0;0;0;0;0;0;0;0;0;0.005037783;0;0.002518892;0.022670025;0;0;0.002518892;0;0.01511335;0;0;0;0;0;0.002518892;0;0;0.002518892;0.007556675;0;0.005037783;0.002518892;0;0.005037783;0.035264484;0.005037783;0;0;0;0.010075567;0;0.005037783;0.005037783;0;0;0;0;0;0;0.002518892;0;0;0;0;0;0.002518892;0;0;0.002518892;0
16;0.005681818;0;0.005681818;0.005681818;0.008522727;0;0;0;0;0.002840909;0;0;0.017045455;0;0;0;0;0;0;0.005681818;0;0;0;0.002840909;0;0.002840909;0.005681818;0.017045455;0;0.022727273;0;0.005681818;0.002840909;0.005681818;0;0.002840909;0.002840909;0;0;0.002840909;0.008522727;0;0;0.005681818;0;0.005681818;0.008522727;0.002840909;0;0.002840909;0;0;0.017045455;0;0;0;0.002840909;0;0;0.002840909;0;0;0.002840909;0;0;0.002840909;0;0.008522727;0;0;0;0.008522727;0;0;0;0.002840909;0;0;0;0.005681818;0;0.002840909;0;0;0;0.002840909;0.011363636;0.011363636;0.002840909;0;0.002840909;0;0;0;0;0;0.002840909;0;0.002840909;0.002840909;0;0.002840909;0;0;0;0;0.002840909;0;0;0.002840909;0;0;0;0;0;0;0;0;0;0;0;0;0;0.005681818;0;0;0.002840909;0;0;0;0;0;0.056818182;0;0.005681818;0;0.017045455;0.002840909;0.008522727;0;0;0;0;0;0;0.028409091;0.002840909;0.028409091;0;0.019886364;0.008522727;0;0.022727273;0;0;0;0;0;0;0;0;0.002840909;0.005681818;0.005681818;0;0;0;0.002840909;0;0.005681818;0.025568182;0;0.002840909;0;0;0;0;0.002840909;0;0;0;0.002840909;0.002840909;0;0.011363636;0;0;0;0;0;0;0;0.017045455;0.005681818;0.011363636;0.008522727;0.008522727;0;0;0;0.002840909;0;0;0;0;0;0;0;0;0;0.002840909;0;0;0;0.002840909;0;0;0.002840909;0;0.036931818;0;0.008522727;0.002840909;0;0;0.034090909;0;0;0;0.03125;0;0.017045455;0;0.014204545;0;0;0;0;0.002840909;0;0.005681818;0;0;0;0;0;0;0;0.005681818;0;0.002840909;0.008522727;0.002840909;0.005681818;0.002840909;0;0;0;0;0;0;0;0;0;0;0;0.019886364;0;0.014204545;0;0.002840909;0.002840909;0.002840909;0;0;0;0;0.002840909;0;0;0;0;0.002840909;0;0;0;0;0.014204545;0.005681818;0.002840909;0;0;0;0.036931818;0.002840909;0;0.002840909;0.002840909;0;0;0;0.005681818;0;0;0.002840909;0.005681818;0.005681818;0.002840909;0.002840909;0.022727273;0.005681818;0;0.002840909;0;0.008522727;0.002840909;0.005681818;0.008522727;0;0;0;0;0;0;0.002840909;0;0;0;0;0;0.002840909;0;0;0.005681818;0
17;0.003412969;0;0.003412969;0;0.010238908;0.003412969;0;0.003412969;0;0.034129693;0;0;0;0;0;0;0;0;0;0.003412969;0;0;0;0.023890785;0;0;0;0.017064846;0;0.013651877;0;0;0;0.006825939;0;0.006825939;0;0;0;0.003412969;0;0;0;0.003412969;0.003412969;0;0;0.003412969;0.003412969;0.003412969;0.006825939;0.003412969;0.013651877;0;0;0.003412969;0;0;0;0.020477816;0;0;0.013651877;0.003412969;0;0.003412969;0.003412969;0.003412969;0;0;0;0.010238908;0;0;0;0;0;0.006825939;0;0.003412969;0;0;0;0;0;0;0.006825939;0;0;0;0.013651877;0;0.010238908;0;0;0;0;0;0;0;0;0;0.006825939;0;0;0.003412969;0;0.010238908;0;0.013651877;0.003412969;0;0.013651877;0;0.010238908;0;0;0;0;0;0;0;0.003412969;0.010238908;0;0;0.006825939;0;0;0;0;0;0.054607509;0;0;0;0;0.003412969;0;0;0;0;0.003412969;0;0;0.017064846;0;0.040955631;0;0;0.003412969;0;0.020477816;0;0;0;0.006825939;0;0;0;0;0;0.013651877;0.013651877;0;0;0;0;0;0;0.037542662;0;0.006825939;0;0;0;0;0;0;0.003412969;0;0;0;0;0.003412969;0;0;0;0.006825939;0;0;0;0.017064846;0.003412969;0.006825939;0;0.003412969;0;0;0.003412969;0;0;0;0;0;0;0.003412969;0.010238908;0;0;0;0;0.003412969;0;0;0;0;0;0;0.058020478;0;0.003412969;0.006825939;0;0.003412969;0;0.006825939;0;0;0;0;0.010238908;0;0.020477816;0.003412969;0;0;0;0.003412969;0.010238908;0.003412969;0;0;0;0;0;0;0;0;0;0;0;0;0.003412969;0;0;0;0;0;0;0;0;0;0;0;0;0.006825939;0;0.044368601;0;0;0;0;0.003412969;0;0;0;0;0;0;0;0;0;0;0.003412969;0;0;0.003412969;0.013651877;0;0;0;0;0.027303754;0;0;0.003412969;0.003412969;0;0;0;0;0.006825939;0.010238908;0.003412969;0;0.003412969;0.003412969;0.027303754;0.017064846;0.006825939;0;0;0;0.010238908;0;0.006825939;0.003412969;0;0;0;0;0;0;0.003412969;0;0;0.003412969;0;0;0;0;0;0.006825939;0
18;0;0;0.006309148;0.009463722;0.015772871;0;0;0.003154574;0;0.012618297;0;0;0.012618297;0;0;0.015772871;0;0;0.003154574;0.009463722;0;0;0;0.031545741;0;0;0;0.012618297;0;0.022082019;0;0;0;0.003154574;0;0.006309148;0.006309148;0;0;0;0.003154574;0;0;0;0.003154574;0.006309148;0.015772871;0;0;0.003154574;0;0;0.009463722;0.006309148;0;0.006309148;0.003154574;0;0;0.012618297;0;0.006309148;0.009463722;0;0;0.006309148;0;0;0.009463722;0;0;0.009463722;0;0.003154574;0;0;0;0.009463722;0;0.003154574;0;0;0.003154574;0;0;0.003154574;0.003154574;0.003154574;0.006309148;0.012618297;0.003154574;0;0.003154574;0;0;0;0;0.003154574;0;0.003154574;0;0;0;0;0;0;0;0;0;0.003154574;0;0;0.025236593;0;0.003154574;0;0;0;0;0;0;0;0.003154574;0.009463722;0;0;0.006309148;0;0;0;0;0;0;0;0;0.006309148;0.072555205;0;0;0;0;0;0;0.009463722;0;0.009463722;0;0.006309148;0;0;0.018927445;0.012618297;0.009463722;0;0.003154574;0;0.003154574;0;0;0;0;0;0;0.009463722;0;0.015772871;0;0.003154574;0;0.006309148;0.022082019;0;0;0;0;0;0;0;0;0;0;0.003154574;0;0;0;0;0;0;0.006309148;0;0;0;0.012618297;0.012618297;0.003154574;0.003154574;0.015772871;0;0;0;0;0;0;0;0;0;0;0.012618297;0;0;0;0;0;0;0;0;0;0;0;0.012618297;0;0.006309148;0.009463722;0.012618297;0.022082019;0;0;0;0.003154574;0.003154574;0;0.044164038;0;0.025236593;0;0;0;0;0;0;0;0;0;0;0;0;0;0;0;0;0;0;0;0.006309148;0;0.006309148;0;0;0;0;0;0.003154574;0;0;0;0;0.003154574;0;0.034700315;0;0.006309148;0;0;0;0;0;0;0;0;0;0;0;0;0;0;0;0.003154574;0.003154574;0.015772871;0;0;0;0;0.006309148;0;0;0;0.003154574;0;0.003154574;0;0.003154574;0;0;0;0.006309148;0.003154574;0.006309148;0.022082019;0.025236593;0.003154574;0;0;0;0.012618297;0;0.003154574;0.006309148;0;0;0;0;0;0.003154574;0;0;0;0;0;0;0;0;0;0.003154574;0
20;0.030726257;0;0.016759777;0.01396648;0.008379888;0.005586592;0;0;0;0.005586592;0;0;0.002793296;0;0;0;0.002793296;0;0;0.008379888;0;0;0;0.033519553;0;0;0.005586592;0.008379888;0;0.01396648;0;0;0;0;0.002793296;0;0;0;0;0;0.002793296;0;0;0;0;0;0.008379888;0.002793296;0;0.005586592;0;0;0.005586592;0.002793296;0;0.008379888;0.005586592;0;0;0.005586592;0;0;0.011173184;0;0;0.01396648;0;0;0;0;0;0.008379888;0.005586592;0;0;0;0;0.002793296;0;0.002793296;0.002793296;0;0;0;0;0;0.002793296;0.011173184;0.002793296;0.01396648;0;0;0;0;0;0;0;0.002793296;0;0.008379888;0;0;0;0;0.005586592;0;0.002793296;0;0;0.011173184;0.002793296;0;0.005586592;0;0;0.002793296;0;0;0;0;0;0;0.008379888;0.01396648;0;0;0.002793296;0;0;0;0;0;0.025139665;0;0;0;0.061452514;0.002793296;0;0;0;0;0;0.005586592;0;0.005586592;0.008379888;0.016759777;0;0.011173184;0.008379888;0.008379888;0.008379888;0;0.002793296;0;0;0;0;0;0;0;0.022346369;0.008379888;0;0.005586592;0;0;0.002793296;0.005586592;0.030726257;0;0;0;0;0;0;0;0;0;0;0;0.005586592;0;0;0;0.002793296;0;0.008379888;0;0.005586592;0;0.016759777;0.016759777;0.008379888;0;0.019553073;0;0;0;0;0;0;0;0;0;0.002793296;0.019553073;0;0;0;0.005586592;0;0;0;0;0;0;0;0.016759777;0;0.002793296;0.011173184;0;0.033519553;0.002793296;0;0;0.002793296;0.002793296;0;0.027932961;0;0.005586592;0.002793296;0;0;0;0;0;0;0;0;0;0;0;0;0;0;0;0.002793296;0.005586592;0;0;0;0.011173184;0;0;0;0;0;0.005586592;0;0;0;0;0.005586592;0;0.041899441;0;0.002793296;0;0;0;0;0;0;0;0;0;0;0;0;0;0.002793296;0;0.002793296;0;0.008379888;0.002793296;0;0;0;0.002793296;0;0;0;0;0;0;0;0;0.002793296;0;0.005586592;0.005586592;0.002793296;0;0.016759777;0.025139665;0.002793296;0;0;0;0.008379888;0.002793296;0.005586592;0.002793296;0;0;0;0;0;0;0.002793296;0.002793296;0;0.002793296;0;0;0;0;0;0.002793296;0
22;0.002645503;0;0.002645503;0.010582011;0.015873016;0;0;0;0;0.002645503;0;0;0.005291005;0;0;0;0;0;0;0.002645503;0;0;0;0.015873016;0;0.002645503;0.002645503;0.021164021;0;0.013227513;0;0;0;0.002645503;0.002645503;0.010582011;0;0;0;0.010582011;0.010582011;0;0;0;0.005291005;0.002645503;0.005291005;0.002645503;0;0;0;0;0.005291005;0;0;0;0.005291005;0;0;0.010582011;0;0;0.013227513;0;0;0.007936508;0;0.005291005;0;0;0;0.002645503;0.002645503;0;0;0;0;0.007936508;0.002645503;0.005291005;0;0;0.007936508;0;0;0;0.010582011;0.007936508;0.005291005;0;0.002645503;0;0;0;0.002645503;0;0;0;0;0;0;0.007936508;0;0;0;0.002645503;0.002645503;0;0;0.002645503;0;0;0;0;0;0.002645503;0.002645503;0;0;0;0;0;0;0.005291005;0;0;0.002645503;0;0;0;0;0;0.044973545;0;0.005291005;0;0;0;0.007936508;0;0.002645503;0.002645503;0.005291005;0;0;0.007936508;0;0.037037037;0;0.018518519;0;0.007936508;0.026455026;0;0;0;0;0.007936508;0;0;0;0;0.010582011;0;0;0;0;0.013227513;0.005291005;0.026455026;0.015873016;0;0.002645503;0;0;0;0;0.005291005;0;0;0;0;0.005291005;0;0.005291005;0;0;0;0;0;0;0;0.023809524;0;0.010582011;0.018518519;0.007936508;0;0;0;0.005291005;0;0;0;0;0;0;0;0;0;0;0;0;0.005291005;0.002645503;0;0.002645503;0.005291005;0;0.034391534;0;0.010582011;0.007936508;0.002645503;0;0.015873016;0;0;0;0.021164021;0;0.007936508;0;0.010582011;0;0;0;0;0.002645503;0.013227513;0;0;0;0;0;0;0;0.002645503;0;0.002645503;0;0.002645503;0.005291005;0;0;0.007936508;0;0;0;0;0;0;0;0;0;0;0.005291005;0;0.055555556;0;0.005291005;0;0.002645503;0;0;0;0;0;0;0;0;0;0.002645503;0;0.002645503;0;0;0.005291005;0.018518519;0.002645503;0;0;0.002645503;0.010582011;0.002645503;0;0.002645503;0.002645503;0;0;0;0;0.002645503;0.002645503;0.002645503;0.023809524;0.002645503;0;0.010582011;0.021164021;0.005291005;0;0;0;0.005291005;0.002645503;0.002645503;0.002645503;0;0;0;0;0;0;0;0;0;0;0;0;0;0.005291005;0;0.007936508;0
25;0;0;0;0.009230769;0.003076923;0;0;0;0;0;0;0;0;0;0;0.058461538;0;0;0;0;0;0;0;0;0;0;0;0;0;0;0;0;0;0;0;0;0;0.006153846;0;0;0.049230769;0;0;0;0;0;0;0;0;0.021538462;0.003076923;0;0;0;0.003076923;0;0.021538462;0;0;0;0;0;0;0;0.036923077;0;0;0;0;0;0;0;0;0;0.012307692;0.006153846;0;0;0;0;0;0;0.006153846;0;0.012307692;0.061538462;0;0;0;0;0;0;0;0;0;0;0.046153846;0;0;0;0.006153846;0;0;0;0;0;0;0.006153846;0.070769231;0;0;0;0;0.003076923;0;0.049230769;0.003076923;0;0;0;0;0;0;0;0.003076923;0;0;0;0;0;0.003076923;0;0;0.003076923;0;0;0;0;0;0;0;0;0;0;0;0;0;0;0;0;0;0.021538462;0;0;0;0;0;0;0;0.003076923;0;0;0;0;0;0;0.006153846;0;0;0.073846154;0;0;0.024615385;0.003076923;0;0;0;0;0.009230769;0;0;0;0;0;0.003076923;0.006153846;0;0;0;0;0;0;0.018461538;0;0.015384615;0.012307692;0;0;0;0;0;0;0;0;0;0;0;0;0;0;0;0;0;0.073846154;0;0.006153846;0.006153846;0;0;0;0;0.009230769;0.006153846;0;0;0;0;0;0;0;0;0;0.003076923;0;0;0;0;0;0;0;0;0.064615385;0;0;0;0;0.006153846;0;0;0;0;0;0;0;0;0;0;0;0.009230769;0;0;0;0;0;0;0;0;0;0.006153846;0;0.003076923;0.003076923;0.006153846;0;0.003076923;0;0;0;0;0;0;0.006153846;0;0;0.003076923;0;0;0;0;0.006153846;0;0;0;0;0.003076923;0;0.015384615;0;0;0;0;0;0;0;0;0;0;0.006153846;0.015384615;0;0;0;0;0;0.003076923;0;0.012307692;0;0;0;0.006153846;0;0;0;0;0;0;0.003076923;0;0;0;0;0;0.012307692;0
27;0.00273224;0;0;0.038251366;0;0;0;0;0;0;0;0;0.00273224;0;0;0.021857923;0;0;0;0;0;0;0;0;0;0;0;0;0;0.005464481;0.00273224;0;0;0;0.008196721;0;0;0.008196721;0;0.00273224;0.016393443;0;0;0;0;0;0;0;0.005464481;0.019125683;0;0;0.00273224;0;0.00273224;0;0.016393443;0;0;0;0;0;0.00273224;0;0.008196721;0;0;0;0;0;0;0;0.010928962;0;0.008196721;0;0;0;0;0;0;0;0.00273224;0;0.00273224;0.073770492;0;0;0;0;0;0;0;0;0;0;0.030054645;0;0;0;0;0;0;0.00273224;0;0;0;0.010928962;0.054644809;0.00273224;0;0;0;0.00273224;0;0.035519126;0;0;0;0;0;0;0;0;0;0.00273224;0;0;0;0;0.00273224;0;0;0.005464481;0;0;0;0;0;0;0;0;0;0;0;0;0;0;0;0;0.00273224;0.010928962;0;0;0;0;0;0;0;0;0;0;0;0;0;0;0.005464481;0;0.013661202;0.049180328;0.00273224;0.005464481;0.013661202;0.00273224;0;0;0;0;0.019125683;0;0;0;0.00273224;0.00273224;0;0;0;0;0;0;0;0;0.040983607;0.00273224;0.005464481;0.013661202;0;0;0;0;0;0.00273224;0;0;0;0;0;0;0;0;0;0;0;0.06557377;0;0;0.005464481;0;0.040983607;0.008196721;0;0.005464481;0.005464481;0;0;0;0.005464481;0;0;0;0;0;0;0;0;0.00273224;0;0;0;0;0;0.06010929;0;0;0.00273224;0;0.00273224;0;0;0;0;0;0;0;0;0;0;0;0.030054645;0;0;0;0;0;0.00273224;0;0;0;0;0;0.005464481;0.005464481;0.005464481;0;0;0;0;0;0;0;0;0.035519126;0;0;0;0;0;0.008196721;0;0.005464481;0;0;0;0;0.00273224;0;0.021857923;0;0;0;0;0;0;0;0;0.008196721;0;0.019125683;0.00273224;0;0;0;0;0;0.005464481;0;0.013661202;0;0;0;0.005464481;0.00273224;0;0;0;0;0;0;0;0;0.00273224;0;0;0.024590164;0
28;0;0;0;0.016129032;0;0;0;0;0;0;0;0;0.016129032;0;0;0.048387097;0;0;0;0.003225806;0;0;0;0.006451613;0;0.009677419;0;0;0;0;0;0;0;0.003225806;0.016129032;0.022580645;0;0;0;0.003225806;0.032258065;0;0;0;0.003225806;0;0.003225806;0;0.003225806;0.003225806;0.003225806;0;0.012903226;0;0;0;0.003225806;0;0;0;0;0;0.012903226;0;0;0.022580645;0;0.006451613;0;0;0;0.006451613;0;0;0;0;0;0.019354839;0;0;0;0.003225806;0;0;0;0.003225806;0.003225806;0;0.003225806;0;0;0;0;0;0;0;0;0;0;0;0;0;0;0;0;0;0;0;0;0.006451613;0;0;0;0.003225806;0.003225806;0;0.016129032;0;0;0;0;0;0;0.006451613;0.003225806;0;0;0;0;0;0;0;0.04516129;0;0;0;0.025806452;0;0;0;0;0;0;0;0;0.003225806;0;0.051612903;0;0;0.016129032;0.025806452;0;0;0;0;0;0;0;0;0;0;0;0;0;0.003225806;0;0;0.006451613;0.038709677;0.003225806;0;0.006451613;0.003225806;0;0;0;0;0;0;0;0;0;0;0.009677419;0;0;0.003225806;0;0.003225806;0;0;0.05483871;0.003225806;0.029032258;0.006451613;0.009677419;0;0;0;0;0;0.003225806;0;0;0;0;0;0;0;0.003225806;0;0;0.006451613;0;0;0;0;0;0.067741935;0;0.009677419;0.019354839;0;0;0;0.003225806;0;0;0;0;0;0;0.006451613;0;0;0;0;0;0;0;0;0;0;0;0.003225806;0;0;0;0;0;0;0;0;0;0.003225806;0;0;0;0;0;0;0;0;0;0;0.003225806;0;0.04516129;0;0.016129032;0;0;0;0;0;0;0;0;0;0;0;0;0;0;0;0.003225806;0.009677419;0.009677419;0.012903226;0;0;0;0;0.003225806;0;0;0;0;0;0;0;0.006451613;0;0;0.009677419;0;0.012903226;0.006451613;0;0;0;0;0;0;0;0;0.016129032;0;0;0;0;0;0;0.003225806;0;0;0;0;0;0.006451613;0;0;0.032258065;0
29;0;0;0;0.016713092;0.002785515;0;0;0;0;0;0;0;0.011142061;0;0;0.075208914;0;0;0;0;0;0;0;0.002785515;0;0.008356546;0;0;0;0.002785515;0;0;0;0.002785515;0.002785515;0.030640669;0;0;0;0;0.055710306;0;0;0;0;0;0;0;0;0.027855153;0;0;0.005571031;0;0;0;0.005571031;0;0;0;0;0.005571031;0.002785515;0;0;0.011142061;0;0.005571031;0;0;0;0;0.002785515;0;0;0;0;0.005571031;0;0;0;0;0;0;0;0.011142061;0.002785515;0;0;0;0;0;0;0;0;0;0.008356546;0;0;0;0;0;0;0;0;0;0;0;0;0.005571031;0;0;0;0.005571031;0;0.011142061;0.033426184;0;0;0;0;0;0;0;0;0;0;0;0;0;0;0;0.005571031;0;0;0;0.005571031;0;0;0;0;0;0;0;0;0;0;0.011142061;0;0.002785515;0.030640669;0.025069638;0;0;0;0;0;0;0;0;0;0;0;0;0;0;0.008356546;0;0.019498607;0.061281337;0.005571031;0;0.002785515;0.005571031;0;0;0;0;0;0;0;0;0;0;0.019498607;0.011142061;0;0;0;0;0;0;0.069637883;0.002785515;0;0.013927577;0.002785515;0;0;0;0.002785515;0;0;0;0;0.002785515;0;0;0;0;0;0.002785515;0;0.011142061;0;0;0.005571031;0;0;0.058495822;0;0.013927577;0.011142061;0;0;0;0.002785515;0;0;0;0;0;0;0.008356546;0;0;0;0;0;0;0;0;0;0;0.005571031;0;0.005571031;0;0;0;0;0;0;0;0;0;0;0;0;0;0;0;0;0.002785515;0;0;0.002785515;0;0.04178273;0;0.008356546;0.002785515;0.005571031;0;0;0;0;0;0;0;0;0;0;0;0.002785515;0;0;0.011142061;0.008356546;0.022284123;0;0;0;0.002785515;0.005571031;0.002785515;0.002785515;0;0;0;0;0;0;0;0;0.013927577;0;0.013927577;0.008356546;0;0;0;0;0;0;0;0.002785515;0.002785515;0;0;0.002785515;0.002785515;0;0;0;0;0;0;0;0;0.008356546;0;0;0.025069638;0
30;0.002688172;0;0;0;0.021505376;0;0.002688172;0;0.010752688;0.016129032;0;0;0.008064516;0;0;0.008064516;0;0;0;0.002688172;0;0;0;0.01344086;0;0.005376344;0;0.01344086;0;0.002688172;0;0;0;0.005376344;0;0.018817204;0;0;0;0;0.008064516;0;0;0.002688172;0;0;0.002688172;0.005376344;0;0.005376344;0;0;0.010752688;0.002688172;0;0;0;0;0;0.002688172;0;0;0;0;0;0;0.002688172;0.002688172;0;0.008064516;0;0.002688172;0;0;0;0;0;0.008064516;0;0;0;0.002688172;0.002688172;0;0;0.005376344;0.002688172;0.01344086;0.002688172;0;0.002688172;0;0;0;0;0;0;0;0;0;0;0;0;0;0;0.002688172;0;0;0.002688172;0.002688172;0;0.005376344;0.008064516;0.002688172;0.005376344;0.002688172;0;0;0;0;0;0;0;0.010752688;0;0;0.002688172;0;0;0;0;0;0.021505376;0.002688172;0;0;0.034946237;0.002688172;0;0;0.002688172;0;0;0.002688172;0;0.008064516;0.002688172;0.045698925;0;0;0.024193548;0;0.021505376;0;0;0.010752688;0;0;0;0;0;0;0.005376344;0;0.002688172;0;0;0.018817204;0.002688172;0.024193548;0.034946237;0;0;0.005376344;0;0;0;0;0;0;0;0;0.010752688;0;0.010752688;0;0;0;0;0;0;0;0.018817204;0.002688172;0.018817204;0.01344086;0.01344086;0;0;0;0.018817204;0;0;0;0.002688172;0;0;0.002688172;0.010752688;0.002688172;0.002688172;0.024193548;0;0.002688172;0;0;0;0;0;0.029569892;0.005376344;0.005376344;0.008064516;0.002688172;0;0.005376344;0.005376344;0;0.002688172;0.010752688;0;0.002688172;0;0.018817204;0;0;0;0;0.002688172;0;0;0;0;0;0;0;0;0.002688172;0;0;0;0;0.002688172;0;0;0.002688172;0;0;0;0;0;0;0.002688172;0;0;0;0.010752688;0.002688172;0.02688172;0;0.005376344;0.002688172;0;0;0;0;0;0;0;0;0;0;0;0;0;0;0.002688172;0.010752688;0.010752688;0.002688172;0;0;0;0;0.005376344;0;0.002688172;0.002688172;0;0;0;0.005376344;0.005376344;0.005376344;0;0.005376344;0.002688172;0.002688172;0;0.024193548;0.005376344;0;0.002688172;0.002688172;0;0;0;0.005376344;0.002688172;0;0;0;0.008064516;0;0;0;0;0;0;0;0.002688172;0.002688172;0;0.008064516;0.008064516
31;0;0;0;0.008823529;0;0;0;0;0;0;0;0;0.008823529;0;0;0.076470588;0;0;0;0;0;0;0;0.002941176;0.005882353;0.008823529;0;0.005882353;0;0.005882353;0;0;0.002941176;0.002941176;0.002941176;0.032352941;0;0;0;0.002941176;0.020588235;0;0;0;0;0;0;0.002941176;0.002941176;0.005882353;0.008823529;0;0;0;0.002941176;0.014705882;0.008823529;0;0;0;0;0.008823529;0.002941176;0;0;0.008823529;0;0;0;0;0;0;0.005882353;0;0;0;0;0.005882353;0;0;0;0;0.002941176;0;0;0.014705882;0.005882353;0;0;0;0;0;0;0;0;0;0.011764706;0;0;0;0.005882353;0;0;0.005882353;0;0;0;0;0.005882353;0.008823529;0;0;0;0.005882353;0;0.005882353;0.005882353;0.002941176;0;0;0;0;0;0;0.002941176;0.002941176;0;0;0;0;0;0;0.005882353;0;0;0;0.008823529;0;0;0;0;0;0;0;0;0;0;0.002941176;0;0;0.014705882;0.017647059;0.002941176;0;0;0;0;0;0;0;0.002941176;0;0.002941176;0;0;0;0.008823529;0;0;0.026470588;0.002941176;0.002941176;0.017647059;0.002941176;0;0;0;0.002941176;0;0;0;0;0.002941176;0;0.008823529;0.002941176;0;0.002941176;0;0;0;0;0.055882353;0.005882353;0.014705882;0.026470588;0.014705882;0;0;0;0;0;0;0;0;0;0;0;0;0;0.002941176;0;0;0.020588235;0;0;0.002941176;0;0;0.052941176;0;0.017647059;0.023529412;0;0;0;0;0;0;0;0;0;0;0;0;0;0;0;0;0;0;0;0;0;0;0;0;0;0;0;0;0;0;0;0;0;0;0;0;0;0;0;0;0.011764706;0.011764706;0;0.002941176;0;0.052941176;0;0.005882353;0;0.002941176;0;0.002941176;0;0;0;0;0;0;0;0.002941176;0;0;0;0;0.008823529;0.017647059;0.011764706;0.005882353;0;0;0.005882353;0.002941176;0;0.008823529;0.002941176;0;0;0;0;0.005882353;0;0.002941176;0.023529412;0.002941176;0.005882353;0.005882353;0;0;0;0;0;0.002941176;0;0;0.005882353;0;0;0.005882353;0;0;0;0.005882353;0;0;0;0;0;0;0;0;0.038235294;0
32;0;0;0;0.038095238;0;0;0;0;0;0;0;0;0;0;0;0.025396825;0;0;0;0.003174603;0;0;0;0;0.00952381;0;0;0;0;0.003174603;0;0.003174603;0;0;0;0;0;0.006349206;0;0;0.044444444;0;0;0;0;0;0;0;0;0.003174603;0;0;0;0;0;0;0.006349206;0;0;0;0;0;0;0;0.082539683;0;0;0;0;0;0;0;0;0;0.006349206;0;0;0;0;0;0.00952381;0;0;0;0.006349206;0.082539683;0;0;0;0;0;0;0;0;0;0;0.006349206;0;0;0;0;0.003174603;0;0;0;0;0;0.022222222;0.066666667;0;0;0;0;0;0;0.031746032;0;0;0;0;0;0;0;0;0.003174603;0;0;0;0.003174603;0;0.003174603;0.00952381;0;0.003174603;0;0;0;0;0;0;0;0;0;0;0;0;0;0;0;0;0;0;0;0;0;0;0;0;0;0.003174603;0;0;0;0;0;0;0;0;0;0.022222222;0;0.006349206;0.022222222;0.003174603;0;0;0.006349206;0;0.006349206;0.028571429;0.003174603;0;0;0;0;0;0;0;0;0;0;0;0.006349206;0.006349206;0.003174603;0;0;0;0;0;0;0;0;0;0;0;0;0;0;0;0;0;0;0.066666667;0;0;0.006349206;0;0.015873016;0.003174603;0;0.006349206;0.006349206;0;0;0;0;0;0;0;0;0;0.00952381;0;0;0.003174603;0;0;0;0;0;0.063492063;0;0;0;0;0.003174603;0;0;0;0;0;0;0;0;0;0;0;0.006349206;0;0;0;0;0;0;0;0;0;0.003174603;0;0;0.006349206;0.003174603;0;0;0;0;0;0;0;0;0.012698413;0;0;0;0;0;0;0;0;0;0;0;0;0.003174603;0;0.006349206;0.003174603;0;0;0;0;0;0;0;0;0;0.00952381;0.053968254;0;0;0;0;0;0.006349206;0;0.006349206;0;0;0;0.003174603;0.003174603;0;0;0.003174603;0;0.073015873;0.006349206;0;0;0;0;0.003174603;0.003174603;0
33;0;0;0;0.016064257;0;0;0;0;0;0;0;0;0;0;0;0.016064257;0;0;0;0;0;0;0;0;0.004016064;0;0;0;0;0;0;0;0;0;0;0;0;0.004016064;0;0;0.004016064;0;0.004016064;0;0;0;0;0;0;0.008032129;0;0;0;0;0;0;0.004016064;0;0;0;0;0;0;0;0.02811245;0;0;0;0;0;0;0;0;0;0;0;0;0;0;0;0;0;0;0;0;0.108433735;0;0;0;0;0;0;0;0.004016064;0;0;0.004016064;0;0;0;0;0;0;0.004016064;0;0;0;0.012048193;0.064257028;0;0;0;0.004016064;0;0;0;0.004016064;0;0;0.004016064;0;0;0;0;0.004016064;0;0;0.004016064;0;0.004016064;0.02811245;0;0;0;0;0;0;0;0;0;0;0;0;0;0;0;0;0;0;0;0;0;0;0;0.016064257;0;0;0;0;0;0;0;0;0;0;0;0;0;0;0.024096386;0;0.008032129;0.016064257;0;0;0.004016064;0.004016064;0;0;0.060240964;0.044176707;0;0;0.0562249;0;0;0;0.004016064;0;0;0.008032129;0;0.004016064;0.004016064;0.004016064;0;0.004016064;0;0;0;0;0;0;0.004016064;0;0;0.004016064;0;0;0;0;0;0;0.064257028;0;0;0.012048193;0;0.036144578;0;0;0.008032129;0;0;0;0;0;0;0;0;0;0;0;0;0;0.008032129;0;0;0;0;0;0.036144578;0;0;0;0;0;0;0;0;0;0;0;0;0;0;0;0.012048193;0.036144578;0;0;0;0;0;0;0;0;0;0.004016064;0;0;0;0;0;0;0;0;0;0;0;0;0.016064257;0;0;0;0;0;0;0;0;0;0;0;0;0;0;0;0;0;0;0;0;0;0;0;0;0;0.004016064;0;0;0;0;0;0;0.004016064;0;0.012048193;0;0;0.004016064;0.016064257;0;0;0;0;0;0.032128514;0.004016064;0.084337349;0;0;0;0;0;0
34;0;0;0.006349206;0.00952381;0.012698413;0;0;0;0;0.019047619;0;0;0.003174603;0;0;0;0;0;0;0;0;0;0;0.015873016;0;0.003174603;0;0.012698413;0;0.031746032;0;0;0;0;0.003174603;0.003174603;0;0;0;0;0.006349206;0;0;0;0;0;0.003174603;0;0;0.003174603;0.003174603;0;0.006349206;0;0;0.003174603;0;0;0;0;0.003174603;0;0.003174603;0;0;0.003174603;0.003174603;0;0;0;0;0.003174603;0;0;0;0;0;0.006349206;0;0;0;0;0;0;0;0.006349206;0;0;0.003174603;0.00952381;0;0;0;0;0;0;0.003174603;0.006349206;0;0.003174603;0;0;0;0;0;0;0;0;0;0.019047619;0;0;0.003174603;0;0;0;0;0;0;0;0;0;0.006349206;0;0;0;0.00952381;0;0;0;0;0;0.015873016;0;0;0.003174603;0.085714286;0.003174603;0;0;0;0;0;0;0;0.003174603;0;0.038095238;0;0.003174603;0;0.006349206;0.031746032;0;0;0;0;0;0;0;0;0;0.00952381;0.025396825;0;0.006349206;0;0.003174603;0;0.006349206;0.022222222;0;0;0;0;0;0;0;0;0;0;0;0;0;0;0.003174603;0;0;0.006349206;0.003174603;0;0;0.047619048;0.00952381;0.022222222;0.006349206;0.012698413;0;0;0;0.006349206;0;0;0;0;0;0;0.034920635;0;0;0;0;0;0;0;0;0;0;0;0.050793651;0.003174603;0.006349206;0.00952381;0;0.038095238;0.003174603;0;0;0;0;0;0.019047619;0;0.003174603;0;0;0;0;0;0;0;0;0;0;0;0;0;0;0;0;0;0.003174603;0;0.003174603;0;0.006349206;0;0;0;0;0;0;0;0;0;0;0.006349206;0;0.06031746;0;0.00952381;0;0;0;0;0;0;0;0;0;0;0;0;0;0;0;0;0;0.00952381;0;0;0;0;0.003174603;0;0;0;0;0;0;0;0;0;0;0;0.006349206;0.003174603;0.003174603;0.012698413;0.028571429;0.003174603;0;0;0;0.019047619;0;0;0.00952381;0;0;0;0;0;0;0;0;0;0;0;0;0;0;0;0.025396825;0
41;0;0;0.011940299;0.008955224;0.014925373;0.005970149;0;0;0;0.002985075;0;0;0;0;0;0.011940299;0;0;0;0.008955224;0.002985075;0;0;0.032835821;0;0;0;0.020895522;0;0.032835821;0;0;0;0.002985075;0.002985075;0.002985075;0;0;0;0;0.005970149;0;0;0;0.011940299;0;0.002985075;0.008955224;0;0.002985075;0;0;0;0;0;0.002985075;0.002985075;0;0;0;0;0;0.002985075;0;0;0.008955224;0;0;0;0;0;0;0;0;0;0.002985075;0;0.008955224;0;0.008955224;0.005970149;0;0;0;0;0.002985075;0.005970149;0.008955224;0.002985075;0.011940299;0.002985075;0;0;0;0;0;0;0.005970149;0;0.002985075;0.005970149;0;0;0;0;0;0;0;0;0.005970149;0;0;0;0;0;0;0;0;0;0;0;0;0.002985075;0.002985075;0;0;0.008955224;0;0;0;0;0;0.029850746;0;0;0.002985075;0.011940299;0;0;0;0;0;0;0.002985075;0;0.002985075;0;0.029850746;0.005970149;0.005970149;0.005970149;0.002985075;0.023880597;0;0;0;0;0;0;0;0;0.008955224;0.002985075;0.014925373;0;0.005970149;0.008955224;0.002985075;0;0.002985075;0.032835821;0;0.008955224;0;0;0;0;0;0;0;0;0;0.002985075;0;0;0.005970149;0;0;0.005970149;0;0;0;0.014925373;0.017910448;0.008955224;0.011940299;0.008955224;0;0;0;0.005970149;0;0;0;0;0;0;0.017910448;0.002985075;0;0;0.005970149;0;0;0.005970149;0;0;0.005970149;0.002985075;0.041791045;0;0.002985075;0.017910448;0;0.017910448;0;0;0;0.002985075;0;0;0.005970149;0;0;0;0;0;0;0;0;0;0;0;0;0;0;0;0;0;0;0;0.005970149;0.002985075;0;0;0.008955224;0.005970149;0;0;0;0;0.005970149;0.002985075;0;0;0;0.005970149;0;0.065671642;0;0.005970149;0;0;0;0.002985075;0;0;0;0;0;0;0;0;0;0;0;0;0.005970149;0.011940299;0.005970149;0.002985075;0;0;0.008955224;0;0;0;0;0;0;0;0;0;0.008955224;0;0.011940299;0.005970149;0.002985075;0.014925373;0.014925373;0.011940299;0;0;0;0.002985075;0.002985075;0.005970149;0.008955224;0.002985075;0;0.002985075;0;0;0;0;0;0;0;0;0;0;0;0;0.008955224;0
44;0;0;0.002941176;0.011764706;0;0.005882353;0;0;0;0.002941176;0;0.002941176;0.005882353;0;0;0.026470588;0;0;0;0.002941176;0;0;0;0.011764706;0;0;0;0.005882353;0;0.011764706;0;0;0.002941176;0.002941176;0.002941176;0.005882353;0;0;0;0;0.014705882;0;0;0;0.002941176;0;0;0;0.002941176;0.008823529;0;0;0.005882353;0;0;0.002941176;0.002941176;0;0;0.002941176;0.011764706;0;0.005882353;0;0;0.020588235;0;0.005882353;0;0;0;0;0;0;0;0;0.002941176;0.008823529;0.002941176;0.002941176;0;0;0;0;0.002941176;0.002941176;0.029411765;0;0;0;0.002941176;0;0;0;0;0;0;0;0;0;0.002941176;0;0;0;0;0.002941176;0.005882353;0;0;0;0;0;0;0;0;0;0.008823529;0;0;0;0;0;0;0.002941176;0;0;0;0;0;0;0;0;0;0;0;0;0.005882353;0;0;0.005882353;0;0.002941176;0.008823529;0.002941176;0;0.002941176;0;0.032352941;0;0.038235294;0.038235294;0.011764706;0.002941176;0;0;0;0;0;0.002941176;0;0;0.023529412;0.014705882;0;0;0;0.008823529;0.002941176;0.008823529;0.014705882;0.035294118;0.002941176;0.008823529;0;0;0;0;0.008823529;0;0;0;0;0.002941176;0;0.002941176;0;0;0;0;0.002941176;0;0;0.023529412;0;0.014705882;0.008823529;0;0.002941176;0;0;0.005882353;0;0;0;0;0;0;0;0;0;0.005882353;0.014705882;0;0.008823529;0.002941176;0;0;0;0;0.061764706;0;0.008823529;0.005882353;0;0;0.008823529;0.005882353;0;0.002941176;0.011764706;0.002941176;0;0;0;0;0;0;0;0;0;0;0;0;0;0;0;0;0;0;0;0;0;0;0;0;0;0;0;0;0;0;0;0;0;0;0;0.002941176;0.002941176;0.05;0;0.008823529;0;0.002941176;0.002941176;0;0;0;0;0;0;0;0;0.005882353;0;0.002941176;0.005882353;0;0.008823529;0.005882353;0.002941176;0.008823529;0;0;0.002941176;0;0;0.002941176;0;0;0;0;0;0;0.017647059;0;0.017647059;0.002941176;0;0.008823529;0.008823529;0;0;0;0;0.008823529;0;0.029411765;0;0;0;0;0;0;0;0;0;0;0;0;0;0.002941176;0.002941176;0;0.017647059;0
45;0;0;0.003184713;0.003184713;0.006369427;0;0;0;0;0;0;0;0.00955414;0;0;0.006369427;0;0;0;0.00955414;0;0;0;0.02866242;0;0;0;0.015923567;0;0.012738854;0;0.003184713;0;0;0;0;0;0;0;0;0.015923567;0;0;0;0;0;0.003184713;0.00955414;0;0.00955414;0;0;0.02866242;0;0;0;0.003184713;0;0;0.006369427;0;0;0.003184713;0;0;0.01910828;0.006369427;0;0;0;0;0;0;0.003184713;0;0;0;0;0;0;0.003184713;0;0;0;0;0.006369427;0.031847134;0.006369427;0.003184713;0.003184713;0;0;0;0;0;0;0;0;0;0;0;0;0;0;0;0.003184713;0;0;0;0.006369427;0;0;0;0;0;0;0;0;0;0;0;0;0;0.00955414;0;0;0.003184713;0;0;0;0;0;0.031847134;0;0;0;0;0;0;0;0;0;0;0.003184713;0;0;0;0.025477707;0;0.006369427;0.060509554;0.012738854;0.012738854;0;0;0;0;0;0.003184713;0;0;0;0;0;0;0;0;0.006369427;0.006369427;0.02866242;0.044585987;0;0.006369427;0.006369427;0;0;0;0;0;0;0;0;0.003184713;0;0.00955414;0;0;0;0.006369427;0;0;0;0.006369427;0;0.01910828;0.012738854;0;0;0;0;0.003184713;0;0;0;0;0;0;0;0;0;0;0.02866242;0;0;0.012738854;0;0;0.003184713;0;0.057324841;0;0.012738854;0.003184713;0.003184713;0.003184713;0;0;0;0;0;0;0.00955414;0;0.003184713;0;0;0;0;0;0;0;0;0;0;0;0;0;0;0;0;0;0.015923567;0;0.003184713;0;0.006369427;0;0;0;0;0;0;0;0;0;0;0.003184713;0;0.02866242;0;0.006369427;0;0;0;0.003184713;0;0;0;0;0;0;0;0;0;0;0;0;0.012738854;0.025477707;0.003184713;0;0;0;0.00955414;0;0;0.003184713;0;0;0;0;0;0.003184713;0.003184713;0;0.035031847;0;0;0.022292994;0.012738854;0.003184713;0;0;0;0.050955414;0;0;0;0;0;0;0;0.003184713;0;0;0;0;0;0;0;0.003184713;0.003184713;0;0.003184713;0
46;0;0;0;0;0;0;0;0;0;0;0;0;0;0;0;0.084210526;0;0;0;0;0;0;0;0.007017544;0;0;0;0.007017544;0;0.010526316;0;0;0.014035088;0;0;0;0;0;0;0.056140351;0.007017544;0;0;0;0.003508772;0;0.003508772;0.014035088;0;0.003508772;0;0.003508772;0.014035088;0;0;0;0.003508772;0;0;0.003508772;0.003508772;0;0.007017544;0;0;0.003508772;0;0.014035088;0;0;0;0.014035088;0.003508772;0.010526316;0.003508772;0.003508772;0.003508772;0.042105263;0.003508772;0.021052632;0;0;0;0;0;0;0.007017544;0;0.003508772;0;0;0.003508772;0;0;0.021052632;0;0;0;0;0;0;0;0;0;0;0.003508772;0;0;0;0.003508772;0;0;0.003508772;0;0;0;0.010526316;0;0;0;0;0;0;0.014035088;0;0;0;0;0;0;0;0;0;0;0;0;0.003508772;0;0;0.007017544;0;0;0.003508772;0;0;0;0;0.007017544;0;0.007017544;0.028070175;0.01754386;0.003508772;0;0;0;0;0.003508772;0.003508772;0.010526316;0.003508772;0.007017544;0.021052632;0;0;0;0;0.003508772;0;0.010526316;0.052631579;0;0;0;0;0.003508772;0;0.031578947;0;0;0;0;0.010526316;0;0.007017544;0;0;0;0;0.01754386;0;0.003508772;0.031578947;0;0.007017544;0.003508772;0;0;0;0;0.007017544;0;0.007017544;0;0;0;0;0;0;0;0;0;0;0;0;0;0;0;0;0.014035088;0;0;0.003508772;0;0.003508772;0;0;0;0.014035088;0.035087719;0;0;0;0;0;0;0;0;0;0.007017544;0;0;0;0;0;0;0.007017544;0;0;0;0;0;0;0;0;0;0;0;0;0;0;0;0;0;0;0;0.003508772;0;0.007017544;0.003508772;0;0;0.007017544;0;0;0;0;0;0;0.007017544;0;0;0.003508772;0;0.007017544;0;0;0.010526316;0.007017544;0.003508772;0;0;0;0.010526316;0.014035088;0.003508772;0;0;0.007017544;0;0;0;0.003508772;0.010526316;0;0.031578947;0.003508772;0;0;0;0;0;0;0;0.003508772;0;0;0;0;0;0;0;0;0;0;0;0;0;0;0;0;0;0;0.007017544;0
48;0;0;0;0.003571429;0.007142857;0.003571429;0;0;0;0;0.007142857;0;0.014285714;0;0;0.082142857;0;0;0;0;0;0.007142857;0;0.046428571;0;0;0;0.017857143;0;0.003571429;0;0;0;0.003571429;0;0;0;0;0;0;0.010714286;0.007142857;0;0.010714286;0.003571429;0;0;0.003571429;0;0;0;0;0;0;0;0.003571429;0;0;0;0;0;0;0.003571429;0;0;0;0;0.007142857;0;0;0.003571429;0.007142857;0;0;0;0.014285714;0;0.007142857;0;0.010714286;0;0;0;0;0;0;0.021428571;0;0;0;0.010714286;0;0;0;0;0;0;0;0;0;0;0;0;0;0;0;0;0;0;0;0;0;0;0;0;0;0.003571429;0;0;0;0;0;0;0.007142857;0;0;0.003571429;0;0;0;0;0;0.003571429;0;0;0;0;0;0;0.003571429;0;0;0.007142857;0;0;0;0;0.025;0.003571429;0.014285714;0.032142857;0.007142857;0;0;0;0;0;0;0;0;0;0.017857143;0.028571429;0;0;0;0;0.007142857;0;0;0.064285714;0;0.007142857;0.003571429;0;0;0;0;0;0;0;0;0.025;0;0.014285714;0;0;0;0.003571429;0.007142857;0;0;0.014285714;0;0.003571429;0.003571429;0;0;0;0;0.010714286;0;0;0;0;0.003571429;0;0;0;0;0;0.007142857;0;0.007142857;0.003571429;0;0;0;0;0.092857143;0;0.003571429;0.003571429;0;0;0.017857143;0.003571429;0;0.003571429;0.010714286;0.007142857;0;0;0.010714286;0;0;0.007142857;0;0.003571429;0;0;0;0;0;0;0;0;0;0;0;0;0;0;0;0;0.003571429;0;0;0;0;0;0;0;0;0;0;0;0;0;0;0;0;0;0;0;0;0;0;0;0.007142857;0;0;0;0;0;0;0;0;0.028571429;0;0.017857143;0;0;0.007142857;0;0.003571429;0;0;0;0;0;0.003571429;0;0.017857143;0;0.042857143;0.007142857;0;0;0.003571429;0;0;0;0;0.003571429;0;0;0.003571429;0.010714286;0;0;0;0;0;0;0;0;0;0;0;0;0;0;0.010714286;0
49;0;0;0;0.007042254;0.003521127;0;0;0;0;0;0;0;0.007042254;0;0;0.102112676;0;0;0;0;0;0;0;0.007042254;0;0;0;0.01056338;0.003521127;0;0;0;0.003521127;0;0;0;0;0;0;0.007042254;0.031690141;0.003521127;0;0.003521127;0.007042254;0;0;0;0;0;0;0;0.003521127;0;0;0;0.007042254;0;0;0;0;0;0.003521127;0.035211268;0;0.007042254;0;0;0;0;0;0.003521127;0;0;0.003521127;0;0;0.007042254;0.003521127;0.003521127;0;0;0.003521127;0;0;0;0;0.007042254;0;0;0;0;0;0;0.021126761;0;0.003521127;0;0;0;0;0;0;0;0;0;0;0;0;0.014084507;0;0;0;0.003521127;0;0;0.003521127;0;0;0;0;0;0.003521127;0.003521127;0.003521127;0;0;0;0;0;0;0;0;0;0;0;0.007042254;0;0;0.007042254;0;0;0.017605634;0;0;0;0;0;0;0.01056338;0.035211268;0.01056338;0.003521127;0;0;0;0;0.007042254;0;0;0.003521127;0.003521127;0.021126761;0;0;0;0;0.01056338;0.014084507;0.024647887;0.052816901;0.003521127;0.003521127;0;0;0;0;0.003521127;0;0;0;0;0;0;0.01056338;0.007042254;0;0;0;0;0;0.007042254;0.007042254;0;0.007042254;0.017605634;0;0;0;0;0;0;0;0;0;0.003521127;0;0;0;0;0;0;0;0.01056338;0;0;0;0;0;0.045774648;0;0.003521127;0.007042254;0;0.003521127;0;0;0;0.003521127;0.038732394;0;0;0;0.003521127;0;0;0;0;0;0;0;0;0;0;0;0;0;0;0;0;0;0;0;0;0;0;0;0;0;0;0;0;0.003521127;0;0;0;0.024647887;0;0.035211268;0;0.01056338;0.003521127;0.003521127;0;0;0;0;0;0;0.007042254;0;0;0.003521127;0;0.003521127;0;0;0.024647887;0.014084507;0.007042254;0.003521127;0;0;0.014084507;0.003521127;0;0.003521127;0;0;0.003521127;0;0;0.003521127;0.007042254;0.003521127;0.031690141;0;0;0.007042254;0;0;0;0;0;0;0;0.003521127;0;0.007042254;0;0;0;0;0;0;0;0;0;0;0.003521127;0.003521127;0;0.003521127;0;0
50;0;0;0.005952381;0.014880952;0.017857143;0;0;0;0.00297619;0.005952381;0;0;0.011904762;0;0;0.020833333;0;0;0;0.00297619;0;0;0;0.008928571;0;0;0;0.008928571;0;0.017857143;0;0;0.00297619;0.005952381;0.00297619;0.008928571;0.00297619;0;0;0.00297619;0.008928571;0;0;0;0.00297619;0.00297619;0;0.00297619;0.005952381;0;0.00297619;0;0;0;0;0.011904762;0.00297619;0;0;0.005952381;0.00297619;0.005952381;0.00297619;0;0;0.023809524;0;0.00297619;0;0;0;0.00297619;0.00297619;0;0;0.005952381;0;0.011904762;0;0;0.00297619;0.00297619;0.00297619;0;0;0.005952381;0.011904762;0.017857143;0.00297619;0.00297619;0.00297619;0;0;0;0.00297619;0;0.00297619;0.005952381;0.00297619;0.00297619;0;0;0;0;0;0.00297619;0;0;0;0.020833333;0;0;0.008928571;0;0.00297619;0;0;0;0;0;0;0;0;0.00297619;0;0;0.00297619;0;0;0;0;0;0.029761905;0;0;0;0.026785714;0;0;0;0;0;0;0;0.00297619;0.005952381;0;0.035714286;0;0.00297619;0.014880952;0.008928571;0.020833333;0;0;0;0;0;0;0;0;0.005952381;0.00297619;0;0;0.005952381;0;0;0;0.008928571;0.017857143;0;0.005952381;0.00297619;0;0;0;0;0;0;0;0;0.005952381;0;0;0.00297619;0;0;0;0;0;0;0.023809524;0.008928571;0.032738095;0.005952381;0.005952381;0;0.00297619;0;0;0;0;0;0;0;0;0.005952381;0;0;0.00297619;0;0;0.00297619;0.00297619;0;0;0.00297619;0;0.06547619;0;0.008928571;0.005952381;0.00297619;0.005952381;0.005952381;0.00297619;0;0;0.00297619;0;0.005952381;0.00297619;0;0;0;0;0;0.00297619;0;0;0;0;0;0;0;0;0;0.00297619;0;0;0.00297619;0;0.00297619;0;0.008928571;0;0;0;0;0;0;0;0;0.00297619;0;0.00297619;0;0.05952381;0;0;0;0;0;0;0;0;0;0;0;0.00297619;0;0;0;0;0;0;0;0.020833333;0;0.005952381;0;0;0;0.00297619;0;0;0;0;0;0;0;0;0;0;0.008928571;0.00297619;0.00297619;0.017857143;0.008928571;0.00297619;0.005952381;0;0;0.005952381;0;0;0.008928571;0;0;0;0;0;0;0;0;0;0;0;0;0;0.00297619;0;0.026785714;0
51;0;0;0;0.02919708;0;0;0;0;0;0;0;0;0.003649635;0;0;0.051094891;0;0;0;0;0;0;0;0;0;0.003649635;0;0;0;0;0;0;0;0;0.003649635;0;0;0;0;0;0.03649635;0;0;0;0;0;0;0;0;0.003649635;0;0;0;0;0.003649635;0;0.03649635;0;0;0;0;0;0;0;0.010948905;0.003649635;0;0;0;0;0;0;0.00729927;0;0.02919708;0;0;0;0;0;0.003649635;0;0;0;0.010948905;0.098540146;0;0;0;0;0;0;0;0;0;0;0.010948905;0;0;0;0.00729927;0;0;0.00729927;0;0;0;0;0.080291971;0;0;0;0;0;0;0.00729927;0.003649635;0;0;0;0;0;0;0;0;0;0;0;0;0;0.003649635;0;0;0;0;0;0;0;0;0;0;0;0;0;0;0.003649635;0;0.003649635;0;0;0.003649635;0.00729927;0;0;0;0;0;0;0;0;0;0;0;0;0;0;0.003649635;0;0.003649635;0.040145985;0;0.00729927;0.047445255;0;0;0;0;0;0.003649635;0;0;0;0;0;0;0;0;0;0;0;0;0;0.010948905;0.003649635;0.00729927;0.02919708;0;0;0;0;0;0;0.003649635;0;0;0;0;0;0;0;0;0;0;0.080291971;0;0.003649635;0.003649635;0;0.010948905;0.003649635;0;0.01459854;0.00729927;0;0;0;0;0.003649635;0;0;0;0;0;0;0;0;0;0;0;0;0;0.040145985;0;0;0.00729927;0;0.003649635;0;0;0;0;0;0;0;0;0;0;0;0;0.003649635;0;0;0;0.00729927;0.00729927;0;0;0;0.00729927;0;0;0.003649635;0.003649635;0;0.00729927;0;0;0.00729927;0;0;0;0.010948905;0;0;0;0;0;0;0;0.00729927;0;0;0;0;0.003649635;0;0.01459854;0.003649635;0;0;0;0;0;0;0;0.003649635;0;0.01459854;0.047445255;0;0;0;0;0;0;0;0.00729927;0;0;0;0;0;0;0;0.003649635;0;0.018248175;0;0;0;0;0;0;0.003649635;0
52;0.003610108;0;0;0.010830325;0;0;0;0;0;0;0;0;0;0;0;0.068592058;0;0;0;0;0;0;0;0;0.007220217;0.003610108;0;0;0;0.003610108;0;0.003610108;0;0;0;0;0;0.003610108;0;0;0.032490975;0;0;0;0;0;0;0;0;0;0;0;0;0;0;0;0.018050542;0;0;0;0;0;0;0;0.032490975;0;0;0;0;0;0;0;0.010830325;0;0;0;0;0;0;0;0.003610108;0;0.003610108;0;0.007220217;0.101083032;0.003610108;0;0;0;0;0;0;0;0;0;0.025270758;0;0;0;0.003610108;0;0;0.003610108;0;0;0;0.010830325;0.057761733;0;0;0;0;0;0;0.010830325;0;0;0;0;0;0;0;0;0;0;0;0;0;0;0.003610108;0.003610108;0;0.003610108;0;0;0;0;0;0;0;0;0;0;0;0;0;0;0;0;0;0;0;0;0;0;0;0;0;0;0;0;0;0;0;0;0;0;0;0.039711191;0;0.007220217;0.0433213;0;0;0;0.003610108;0;0.003610108;0.007220217;0;0;0;0;0;0;0;0;0;0;0;0;0.018050542;0.010830325;0;0.010830325;0;0;0;0;0;0;0;0;0;0;0;0;0;0;0;0;0;0.075812274;0;0.003610108;0.007220217;0;0.003610108;0;0;0.007220217;0.010830325;0;0;0;0;0.007220217;0.003610108;0;0;0;0;0;0;0;0;0;0;0;0;0.039711191;0;0;0.003610108;0;0.007220217;0;0;0;0;0;0;0;0;0;0;0;0.003610108;0;0;0;0;0.003610108;0.003610108;0;0;0;0.007220217;0;0;0;0.007220217;0;0.003610108;0;0.003610108;0;0.003610108;0;0;0.010830325;0;0;0;0;0;0;0.003610108;0.003610108;0;0;0;0;0.003610108;0;0.025270758;0;0;0;0;0;0;0;0;0;0;0.028880866;0.057761733;0;0;0;0;0;0.007220217;0;0.02166065;0;0;0;0.003610108;0.003610108;0;0;0.003610108;0;0.025270758;0;0;0;0;0;0;0.010830325;0
53;0;0;0;0.004901961;0;0;0;0;0;0;0;0;0.00245098;0;0;0.024509804;0;0;0;0;0;0;0;0;0.00245098;0.00245098;0;0.00245098;0;0;0;0;0;0;0.007352941;0.00245098;0;0;0;0;0.014705882;0;0;0;0;0;0;0;0;0.014705882;0.00245098;0;0;0;0;0.004901961;0.029411765;0.00245098;0;0;0;0.004901961;0.00245098;0;0.017156863;0.017156863;0;0;0;0;0;0;0.007352941;0;0;0;0;0;0;0;0;0;0;0;0.004901961;0.06127451;0.004901961;0;0;0;0;0;0;0;0;0;0.022058824;0;0;0;0.00245098;0;0;0;0;0;0;0.004901961;0.036764706;0;0;0;0;0.004901961;0;0.014705882;0;0;0;0;0;0;0;0;0;0;0;0.00245098;0;0;0;0;0.00245098;0.009803922;0;0;0;0;0;0;0;0;0.00245098;0;0;0;0;0.00245098;0;0;0.009803922;0.009803922;0;0;0;0;0;0;0;0;0;0;0.00245098;0;0;0;0.00245098;0;0;0.053921569;0;0.00245098;0.022058824;0.009803922;0;0;0;0;0.007352941;0.004901961;0;0;0;0;0.012254902;0;0;0;0;0.00245098;0;0;0.039215686;0.00245098;0.004901961;0.012254902;0.00245098;0;0;0;0;0;0;0;0;0;0;0;0;0;0;0;0;0.041666667;0;0;0.007352941;0;0.012254902;0.012254902;0;0.036764706;0.007352941;0;0;0;0;0.00245098;0;0;0;0;0;0;0;0;0;0;0;0;0;0.046568627;0;0;0.004901961;0;0.00245098;0;0;0;0;0;0;0;0;0;0;0;0.012254902;0;0;0;0;0.00245098;0.014705882;0;0;0;0.026960784;0;0;0;0.009803922;0;0.00245098;0;0;0;0;0;0;0.036764706;0;0;0;0;0;0.007352941;0;0.014705882;0;0;0;0;0.004901961;0;0.012254902;0;0;0;0;0;0;0;0;0.014705882;0;0.019607843;0.06372549;0;0;0;0;0;0.00245098;0;0;0.00245098;0;0;0;0;0;0;0.00245098;0;0.004901961;0;0;0;0.00245098;0;0;0.024509804;0
55;0;0;0.006833713;0.004555809;0.009111617;0;0;0;0;0.009111617;0.002277904;0;0.004555809;0;0;0.025056948;0;0;0;0.009111617;0;0.002277904;0;0.013667426;0;0.004555809;0;0.009111617;0;0.011389522;0;0;0;0;0.002277904;0;0.002277904;0;0.002277904;0.002277904;0.013667426;0;0;0.002277904;0.002277904;0;0.004555809;0.004555809;0;0.004555809;0.004555809;0;0.006833713;0;0;0;0.011389522;0;0.002277904;0.013667426;0.002277904;0;0.011389522;0;0;0.013667426;0.002277904;0;0;0;0;0.002277904;0;0.002277904;0;0.004555809;0;0.011389522;0;0;0;0;0;0;0;0.006833713;0.011389522;0.002277904;0;0;0.004555809;0;0.002277904;0;0;0;0.004555809;0;0;0;0;0;0;0;0;0.002277904;0.004555809;0;0.002277904;0;0;0;0;0;0.004555809;0.002277904;0;0;0;0;0;0.002277904;0;0.002277904;0;0;0;0;0;0;0;0;0.047835991;0.006833713;0;0;0.013667426;0;0.004555809;0;0;0;0.002277904;0;0;0.004555809;0;0.022779043;0.002277904;0.006833713;0.031890661;0.002277904;0.009111617;0;0;0;0;0.006833713;0;0;0;0;0.006833713;0;0;0;0;0;0;0.027334852;0.020501139;0;0.004555809;0.002277904;0;0;0;0;0;0;0;0;0;0;0.01594533;0;0;0;0;0;0;0;0.034168565;0;0.029612756;0.020501139;0.004555809;0;0;0;0;0;0.013667426;0;0;0;0;0.002277904;0;0;0;0;0;0.004555809;0.002277904;0;0;0.002277904;0.002277904;0.041002278;0;0.009111617;0.006833713;0;0;0.01594533;0;0;0;0.050113895;0;0.006833713;0;0;0;0;0;0;0.006833713;0.002277904;0;0;0.002277904;0;0;0;0;0;0.004555809;0;0;0.002277904;0;0;0;0.002277904;0;0;0;0;0;0.002277904;0;0;0.002277904;0;0.002277904;0;0.056947608;0;0.002277904;0.002277904;0.002277904;0;0;0;0;0;0;0;0;0;0;0;0;0;0.002277904;0.01594533;0.004555809;0;0;0;0;0.006833713;0.006833713;0;0.004555809;0.002277904;0;0;0;0.006833713;0;0.004555809;0;0.01594533;0;0.004555809;0.006833713;0.006833713;0.002277904;0;0;0;0.013667426;0;0.004555809;0;0;0;0;0;0;0;0;0;0;0;0;0;0.002277904;0;0;0.018223235;0
56;0;0;0.007142857;0.028571429;0.014285714;0;0;0;0;0;0;0;0.003571429;0;0.003571429;0.014285714;0;0;0;0.010714286;0;0;0;0.025;0;0;0;0.021428571;0;0.025;0;0;0;0.007142857;0.003571429;0;0;0;0;0;0.035714286;0;0;0;0;0;0;0.007142857;0;0.003571429;0;0;0;0;0;0.003571429;0;0;0;0.007142857;0;0;0.003571429;0.046428571;0;0;0.003571429;0;0;0;0;0;0;0;0;0;0;0.003571429;0;0;0;0;0;0;0;0.007142857;0.003571429;0;0;0;0;0;0;0;0;0;0.007142857;0;0;0.003571429;0;0.010714286;0;0;0;0;0;0;0;0.017857143;0;0;0;0;0;0.003571429;0.003571429;0;0;0;0;0;0;0.010714286;0;0;0;0;0;0;0;0;0;0;0;0;0.082142857;0;0;0;0;0;0;0.003571429;0;0.003571429;0.003571429;0.046428571;0;0;0.028571429;0.017857143;0;0;0;0;0;0;0;0;0;0;0;0;0;0.003571429;0.003571429;0;0.003571429;0.021428571;0.017857143;0;0.010714286;0.003571429;0;0;0;0;0;0;0;0;0;0;0;0;0;0;0;0;0;0;0.028571429;0;0.025;0.007142857;0;0;0;0;0;0;0;0;0;0;0;0;0;0;0;0;0;0.003571429;0;0;0;0;0;0.103571429;0;0.007142857;0.007142857;0;0;0;0;0;0;0.017857143;0;0.010714286;0;0;0;0;0;0;0.003571429;0.007142857;0;0;0;0;0;0;0;0;0;0;0;0.007142857;0;0;0;0;0;0;0;0;0;0;0;0;0.003571429;0;0;0;0.042857143;0;0.014285714;0.003571429;0.007142857;0;0;0;0;0;0;0;0;0;0;0;0;0;0;0.014285714;0.010714286;0.003571429;0;0;0;0.007142857;0.007142857;0;0.003571429;0;0;0;0;0;0;0;0;0.007142857;0;0;0.007142857;0.010714286;0.007142857;0;0;0;0.010714286;0;0.003571429;0.003571429;0;0;0;0;0;0;0;0;0;0;0;0;0.007142857;0;0;0;0
57;0;0;0;0.0075;0.005;0;0;0.0025;0;0.01;0.0025;0;0.0125;0;0;0.0475;0.0025;0.005;0;0;0;0;0;0.005;0;0;0;0;0;0.0025;0;0;0.0075;0.0025;0.0025;0.0025;0;0;0.0025;0.0025;0.025;0;0;0;0.0025;0;0;0;0;0.0125;0;0;0;0;0;0.0025;0.0175;0;0;0.0025;0.0025;0.0075;0.0025;0;0;0.005;0;0;0;0;0;0.01;0.0025;0;0;0;0;0.03;0;0;0;0;0;0;0;0.01;0.005;0;0;0;0;0;0;0;0;0;0.0075;0;0;0;0;0;0;0;0;0;0;0;0;0;0;0;0;0;0;0.0025;0.0075;0;0.0025;0;0;0;0;0.005;0;0;0;0;0;0;0;0;0.005;0;0;0;0.005;0;0;0;0;0;0.0075;0;0;0.005;0;0.005;0;0;0.0625;0.0175;0.005;0;0;0;0;0;0;0;0;0;0.005;0;0;0;0.0025;0.0275;0;0.035;0.0475;0;0.005;0.0025;0;0;0;0.0025;0;0;0;0;0;0;0.025;0;0;0;0;0.01;0;0;0.045;0.01;0.025;0.01;0.0025;0;0;0;0;0;0.0175;0;0;0;0;0;0;0;0.0025;0;0;0.01;0;0;0;0;0;0.045;0;0.01;0.005;0;0;0.0075;0;0;0.0025;0.03;0;0.0075;0;0.0025;0;0;0;0;0;0;0;0;0;0;0;0.0025;0;0;0;0;0;0;0;0;0;0;0;0;0;0;0;0;0;0;0;0;0.005;0;0.0425;0;0.0125;0;0;0;0.0025;0;0;0;0.0025;0;0;0;0;0;0.0025;0;0;0.01;0.005;0.0025;0;0;0;0.005;0.0075;0.0025;0.005;0.0025;0;0;0;0;0;0;0;0.0075;0.0025;0.005;0.025;0.01;0.0025;0;0;0;0;0;0.015;0;0;0;0;0;0;0;0.0075;0;0;0;0;0;0.0025;0;0;0.02;0
58;0;0;0;0.022857143;0;0;0;0;0;0;0;0;0;0;0;0.045714286;0.002857143;0;0;0;0;0;0.002857143;0;0.005714286;0;0;0;0;0.002857143;0;0.005714286;0;0;0;0;0;0.002857143;0;0;0.025714286;0;0;0;0;0;0;0;0.002857143;0.011428571;0.002857143;0;0;0;0;0.005714286;0.025714286;0;0;0;0;0;0;0;0.002857143;0.008571429;0;0;0;0;0;0;0.011428571;0;0;0;0;0;0;0;0;0;0;0;0.005714286;0.057142857;0.005714286;0;0;0;0;0;0;0;0;0;0.022857143;0;0;0;0.005714286;0;0;0.005714286;0;0;0;0;0.04;0.005714286;0;0;0;0;0;0.014285714;0.005714286;0;0;0;0;0;0;0;0;0;0;0;0;0;0;0;0;0;0;0;0;0;0;0;0;0;0;0;0;0;0;0.011428571;0;0;0.011428571;0.014285714;0;0;0;0;0;0;0;0.002857143;0;0;0;0;0;0;0.011428571;0;0.005714286;0.048571429;0.002857143;0.005714286;0.037142857;0.008571429;0;0;0.002857143;0;0;0.005714286;0;0;0;0;0.002857143;0.008571429;0;0;0;0;0;0;0.037142857;0.002857143;0.011428571;0.022857143;0.008571429;0;0;0;0;0;0;0;0;0;0;0;0;0;0;0.002857143;0;0.065714286;0;0.002857143;0.005714286;0;0.008571429;0.008571429;0;0.031428571;0.008571429;0;0;0;0;0.005714286;0;0;0;0;0;0;0;0;0;0;0;0;0;0.028571429;0;0;0.005714286;0;0;0;0;0;0;0;0;0;0;0;0.002857143;0;0;0;0.002857143;0;0;0.008571429;0.011428571;0;0;0;0.011428571;0;0;0.005714286;0.008571429;0;0.008571429;0;0;0;0;0;0;0.002857143;0;0;0;0;0;0.005714286;0;0.011428571;0;0;0;0;0.008571429;0;0.002857143;0;0.002857143;0;0;0;0;0;0;0.014285714;0;0.011428571;0.017142857;0;0;0.002857143;0;0;0.002857143;0;0.002857143;0.002857143;0;0;0;0;0;0;0.005714286;0;0.017142857;0.002857143;0;0;0;0;0.005714286;0.025714286;0
